<Anims>
 <anim name="off" root="logic_not" numframes="150" framerate="40">
  <frame idx="0" w="290" h="476" x="46.275017" y="-129.062469">
   <element name="base" layername="0_bar" frame="1" z_index="45" m_a="-1.000000" m_b="0.000000" m_c="-0.000000" m_d="-1.000000" m_tx="-0.100000" m_ty="1.925003"/>
   <element name="base" layername="1_light_2" frame="9" z_index="46" m_a="0.872772" m_b="0.000000" m_c="0.000000" m_d="0.872772" m_tx="55.200001" m_ty="1.075001"/>
   <element name="base" layername="2_light_2" frame="9" z_index="47" m_a="0.872772" m_b="0.000000" m_c="0.000000" m_d="0.872772" m_tx="-53.474998" m_ty="1.075001"/>
   <element name="base" layername="3_output_disc" frame="11" z_index="48" m_a="1.000000" m_b="0.000000" m_c="0.000000" m_d="1.000000" m_tx="54.924999" m_ty="1.075001"/>
   <element name="base" layername="4_input_disc" frame="4" z_index="49" m_a="1.000000" m_b="0.000000" m_c="0.000000" m_d="1.000000" m_tx="-53.799999" m_ty="1.075001"/>
   <element name="base" layername="5_panel" frame="14" z_index="50" m_a="-0.000000" m_b="-1.000000" m_c="1.000000" m_d="-0.000000" m_tx="45.599998" m_ty="0.000000"/>
  </frame>
  <frame idx="25" w="290" h="476" x="46.275017" y="-129.062469">
   <element name="base" layername="0_bar" frame="1" z_index="45" m_a="-1.000000" m_b="0.000000" m_c="-0.000000" m_d="-1.000000" m_tx="-0.100000" m_ty="1.925003"/>
   <element name="base" layername="1_light_2" frame="9" z_index="46" m_a="0.872772" m_b="0.000000" m_c="0.000000" m_d="0.872772" m_tx="55.200001" m_ty="1.075001"/>
   <element name="base" layername="2_light_2" frame="9" z_index="47" m_a="0.872772" m_b="0.000000" m_c="0.000000" m_d="0.872772" m_tx="-53.474998" m_ty="1.075001"/>
   <element name="base" layername="3_output_disc" frame="11" z_index="48" m_a="1.000000" m_b="0.000000" m_c="0.000000" m_d="1.000000" m_tx="54.924999" m_ty="1.075001"/>
   <element name="base" layername="4_input_disc" frame="4" z_index="49" m_a="1.000000" m_b="0.000000" m_c="0.000000" m_d="1.000000" m_tx="-53.799999" m_ty="1.075001"/>
   <element name="base" layername="5_panel" frame="14" z_index="50" m_a="-0.000000" m_b="-1.000000" m_c="1.000000" m_d="-0.000000" m_tx="45.599998" m_ty="0.000000"/>
  </frame>
  <frame idx="50" w="290" h="477" x="46.275017" y="-129.779144">
   <element name="base" layername="0_bar" frame="1" z_index="45" m_a="-1.000000" m_b="0.000000" m_c="-0.000000" m_d="-1.000000" m_tx="-0.100000" m_ty="1.208336"/>
   <element name="base" layername="1_light_2" frame="9" z_index="46" m_a="0.872772" m_b="0.000000" m_c="0.000000" m_d="0.872772" m_tx="55.200001" m_ty="0.358334"/>
   <element name="base" layername="2_light_2" frame="9" z_index="47" m_a="0.872772" m_b="0.000000" m_c="0.000000" m_d="0.872772" m_tx="-53.474998" m_ty="0.358334"/>
   <element name="base" layername="3_output_disc" frame="11" z_index="48" m_a="1.000000" m_b="0.000000" m_c="0.000000" m_d="1.000000" m_tx="54.924999" m_ty="0.358334"/>
   <element name="base" layername="4_input_disc" frame="4" z_index="49" m_a="1.000000" m_b="0.000000" m_c="0.000000" m_d="1.000000" m_tx="-53.799999" m_ty="0.358334"/>
   <element name="base" layername="5_panel" frame="14" z_index="50" m_a="-0.000000" m_b="-1.000000" m_c="1.000000" m_d="-0.000000" m_tx="45.599998" m_ty="-0.716667"/>
  </frame>
  <frame idx="75" w="290" h="477" x="46.275017" y="-130.137482">
   <element name="base" layername="0_bar" frame="1" z_index="45" m_a="-1.000000" m_b="0.000000" m_c="-0.000000" m_d="-1.000000" m_tx="-0.100000" m_ty="0.850002"/>
   <element name="base" layername="1_light_2" frame="9" z_index="46" m_a="0.872772" m_b="0.000000" m_c="0.000000" m_d="0.872772" m_tx="55.200001" m_ty="0.000000"/>
   <element name="base" layername="2_light_2" frame="9" z_index="47" m_a="0.872772" m_b="0.000000" m_c="0.000000" m_d="0.872772" m_tx="-53.474998" m_ty="0.000000"/>
   <element name="base" layername="3_output_disc" frame="11" z_index="48" m_a="1.000000" m_b="0.000000" m_c="0.000000" m_d="1.000000" m_tx="54.924999" m_ty="0.000000"/>
   <element name="base" layername="4_input_disc" frame="4" z_index="49" m_a="1.000000" m_b="0.000000" m_c="0.000000" m_d="1.000000" m_tx="-53.799999" m_ty="0.000000"/>
   <element name="base" layername="5_panel" frame="14" z_index="50" m_a="-0.000000" m_b="-1.000000" m_c="1.000000" m_d="-0.000000" m_tx="45.599998" m_ty="-1.075001"/>
  </frame>
  <frame idx="100" w="290" h="477" x="46.275017" y="-129.779144">
   <element name="base" layername="0_bar" frame="1" z_index="45" m_a="-1.000000" m_b="0.000000" m_c="-0.000000" m_d="-1.000000" m_tx="-0.100000" m_ty="1.208336"/>
   <element name="base" layername="1_light_2" frame="9" z_index="46" m_a="0.872772" m_b="0.000000" m_c="0.000000" m_d="0.872772" m_tx="55.200001" m_ty="0.358334"/>
   <element name="base" layername="2_light_2" frame="9" z_index="47" m_a="0.872772" m_b="0.000000" m_c="0.000000" m_d="0.872772" m_tx="-53.474998" m_ty="0.358334"/>
   <element name="base" layername="3_output_disc" frame="11" z_index="48" m_a="1.000000" m_b="0.000000" m_c="0.000000" m_d="1.000000" m_tx="54.924999" m_ty="0.358334"/>
   <element name="base" layername="4_input_disc" frame="4" z_index="49" m_a="1.000000" m_b="0.000000" m_c="0.000000" m_d="1.000000" m_tx="-53.799999" m_ty="0.358334"/>
   <element name="base" layername="5_panel" frame="14" z_index="50" m_a="-0.000000" m_b="-1.000000" m_c="1.000000" m_d="-0.000000" m_tx="45.599998" m_ty="-0.716667"/>
  </frame>
  <frame idx="125" w="290" h="476" x="46.275017" y="-129.062469">
   <element name="base" layername="0_bar" frame="1" z_index="45" m_a="-1.000000" m_b="0.000000" m_c="-0.000000" m_d="-1.000000" m_tx="-0.100000" m_ty="1.925003"/>
   <element name="base" layername="1_light_2" frame="9" z_index="46" m_a="0.872772" m_b="0.000000" m_c="0.000000" m_d="0.872772" m_tx="55.200001" m_ty="1.075001"/>
   <element name="base" layername="2_light_2" frame="9" z_index="47" m_a="0.872772" m_b="0.000000" m_c="0.000000" m_d="0.872772" m_tx="-53.474998" m_ty="1.075001"/>
   <element name="base" layername="3_output_disc" frame="11" z_index="48" m_a="1.000000" m_b="0.000000" m_c="0.000000" m_d="1.000000" m_tx="54.924999" m_ty="1.075001"/>
   <element name="base" layername="4_input_disc" frame="4" z_index="49" m_a="1.000000" m_b="0.000000" m_c="0.000000" m_d="1.000000" m_tx="-53.799999" m_ty="1.075001"/>
   <element name="base" layername="5_panel" frame="14" z_index="50" m_a="-0.000000" m_b="-1.000000" m_c="1.000000" m_d="-0.000000" m_tx="45.599998" m_ty="0.000000"/>
  </frame>
 </anim>
 <anim name="0" root="logic_not" numframes="25" framerate="40">
  <frame idx="0" w="290" h="476" x="46.275017" y="-129.062469">
   <element name="base" layername="0_green_red_bloom" frame="3" z_index="43" m_a="0.324661" m_b="0.000000" m_c="0.000000" m_d="0.315796" m_tx="-53.950001" m_ty="0.675003"/>
   <element name="base" layername="1_green_red_bloom" frame="2" z_index="44" m_a="0.324661" m_b="0.000000" m_c="0.000000" m_d="0.315796" m_tx="54.849998" m_ty="0.675003"/>
   <element name="base" layername="2_bar" frame="0" z_index="45" m_a="-1.000000" m_b="0.000000" m_c="-0.000000" m_d="-1.000000" m_tx="-0.100000" m_ty="1.925003"/>
   <element name="base" layername="3_light" frame="7" z_index="46" m_a="0.872757" m_b="0.000000" m_c="0.000000" m_d="0.872757" m_tx="55.200001" m_ty="1.050003"/>
   <element name="base" layername="4_light" frame="8" z_index="47" m_a="0.872757" m_b="0.000000" m_c="0.000000" m_d="0.872757" m_tx="-53.500000" m_ty="1.050003"/>
   <element name="base" layername="5_output_disc" frame="12" z_index="48" m_a="1.000000" m_b="0.000000" m_c="0.000000" m_d="1.000000" m_tx="54.924999" m_ty="1.075001"/>
   <element name="base" layername="6_input_disc_2" frame="6" z_index="49" m_a="1.000000" m_b="0.000000" m_c="0.000000" m_d="1.000000" m_tx="-53.799999" m_ty="1.075001"/>
   <element name="base" layername="7_panel" frame="14" z_index="50" m_a="-0.000000" m_b="-1.000000" m_c="1.000000" m_d="-0.000000" m_tx="45.599998" m_ty="0.000000"/>
  </frame>
 </anim>
 <anim name="1" root="logic_not" numframes="25" framerate="40">
  <frame idx="0" w="264" h="477" x="53.850021" y="-130.137482">
   <element name="base" layername="0_green_red_bloom_0" frame="2" z_index="43" m_a="0.324661" m_b="0.000000" m_c="0.000000" m_d="0.315796" m_tx="-53.950001" m_ty="-0.399998"/>
   <element name="base" layername="1_green_red_bloom_1" frame="3" z_index="44" m_a="0.324661" m_b="0.000000" m_c="0.000000" m_d="0.315796" m_tx="54.849998" m_ty="-0.399998"/>
   <element name="base" layername="2_bar" frame="0" z_index="45" m_a="1.000000" m_b="0.000000" m_c="0.000000" m_d="1.000000" m_tx="-0.100000" m_ty="0.850002"/>
   <element name="base" layername="3_light" frame="8" z_index="46" m_a="0.872757" m_b="0.000000" m_c="0.000000" m_d="0.872757" m_tx="55.200001" m_ty="-0.024998"/>
   <element name="base" layername="4_light" frame="7" z_index="47" m_a="0.872757" m_b="0.000000" m_c="0.000000" m_d="0.872757" m_tx="-53.500000" m_ty="-0.024998"/>
   <element name="base" layername="5_output_disc_2" frame="13" z_index="48" m_a="1.000000" m_b="0.000000" m_c="0.000000" m_d="1.000000" m_tx="54.924999" m_ty="0.000000"/>
   <element name="base" layername="6_input_disc" frame="5" z_index="49" m_a="1.000000" m_b="0.000000" m_c="0.000000" m_d="1.000000" m_tx="-53.799999" m_ty="0.000000"/>
   <element name="base" layername="7_panel" frame="14" z_index="50" m_a="-0.000000" m_b="-1.000000" m_c="1.000000" m_d="-0.000000" m_tx="45.599998" m_ty="-1.075001"/>
  </frame>
 </anim>
 <anim name="0_1" root="logic_not" numframes="150" framerate="40">
  <frame idx="0" w="290" h="476" x="46.274979" y="-129.062469">
   <element name="base" layername="0_green_red_bloom" frame="3" z_index="43" m_a="0.324661" m_b="0.000000" m_c="0.000000" m_d="0.315796" m_tx="-53.950001" m_ty="0.675003"/>
   <element name="base" layername="1_green_red_bloom" frame="2" z_index="44" m_a="0.324661" m_b="0.000000" m_c="0.000000" m_d="0.315796" m_tx="54.849998" m_ty="0.675003"/>
   <element name="base" layername="2_bar" frame="0" z_index="45" m_a="-1.000000" m_b="0.000003" m_c="-0.000003" m_d="-1.000000" m_tx="-0.100000" m_ty="1.925003"/>
   <element name="base" layername="3_light" frame="7" z_index="46" m_a="0.872757" m_b="0.000000" m_c="0.000000" m_d="0.872757" m_tx="55.200001" m_ty="1.050003"/>
   <element name="base" layername="4_light" frame="8" z_index="47" m_a="0.872757" m_b="0.000000" m_c="0.000000" m_d="0.872757" m_tx="-53.500000" m_ty="1.050003"/>
   <element name="base" layername="5_output_disc" frame="12" z_index="48" m_a="1.000000" m_b="0.000000" m_c="0.000000" m_d="1.000000" m_tx="54.924999" m_ty="1.075001"/>
   <element name="base" layername="6_input_disc_2" frame="6" z_index="49" m_a="1.000000" m_b="0.000000" m_c="0.000000" m_d="1.000000" m_tx="-53.799999" m_ty="1.075001"/>
   <element name="base" layername="7_panel" frame="14" z_index="50" m_a="-0.000000" m_b="-1.000000" m_c="1.000000" m_d="-0.000000" m_tx="45.599998" m_ty="0.000000"/>
  </frame>
  <frame idx="25" w="288" h="486" x="46.905060" y="-119.613190">
   <element name="base" layername="0_green_red_bloom" frame="3" z_index="43" m_a="0.324661" m_b="0.000000" m_c="0.000000" m_d="0.315796" m_tx="-53.950001" m_ty="0.675003"/>
   <element name="base" layername="1_green_red_bloom" frame="2" z_index="44" m_a="0.324661" m_b="0.000000" m_c="0.000000" m_d="0.315796" m_tx="54.849998" m_ty="0.675003"/>
   <element name="base" layername="2_bar" frame="0" z_index="45" m_a="-0.642140" m_b="0.765808" m_c="-0.765808" m_d="-0.642140" m_tx="-0.100000" m_ty="1.935417"/>
   <element name="base" layername="3_light" frame="7" z_index="46" m_a="0.872757" m_b="0.000000" m_c="0.000000" m_d="0.872757" m_tx="55.200001" m_ty="1.050003"/>
   <element name="base" layername="4_light" frame="8" z_index="47" m_a="0.872757" m_b="0.000000" m_c="0.000000" m_d="0.872757" m_tx="-53.500000" m_ty="1.050003"/>
   <element name="base" layername="5_output_disc" frame="12" z_index="48" m_a="1.000000" m_b="0.000000" m_c="0.000000" m_d="1.000000" m_tx="54.924999" m_ty="1.075001"/>
   <element name="base" layername="6_input_disc_2" frame="6" z_index="49" m_a="1.000000" m_b="0.000000" m_c="0.000000" m_d="1.000000" m_tx="-53.799999" m_ty="1.075001"/>
   <element name="base" layername="7_panel" frame="14" z_index="50" m_a="-0.000000" m_b="-1.000000" m_c="1.000000" m_d="-0.000000" m_tx="45.599998" m_ty="0.000000"/>
  </frame>
  <frame idx="50" w="264" h="498" x="53.850021" y="-108.984558">
   <element name="base" layername="0_green_red_bloom" frame="3" z_index="50" m_a="0.324661" m_b="0.000000" m_c="0.000000" m_d="0.315796" m_tx="-53.950001" m_ty="0.675003"/>
   <element name="base" layername="1_green_red_bloom" frame="2" z_index="44" m_a="0.324661" m_b="0.000000" m_c="0.000000" m_d="0.315796" m_tx="54.849998" m_ty="0.675003"/>
   <element name="base" layername="2_bar" frame="0" z_index="45" m_a="0.174118" m_b="0.983517" m_c="-0.983517" m_d="0.174118" m_tx="-0.100000" m_ty="1.945834"/>
   <element name="base" layername="3_light" frame="7" z_index="46" m_a="0.872757" m_b="0.000000" m_c="0.000000" m_d="0.872757" m_tx="55.200001" m_ty="1.050003"/>
   <element name="base" layername="4_light" frame="8" z_index="50" m_a="0.872757" m_b="0.000000" m_c="0.000000" m_d="0.872757" m_tx="-17.266666" m_ty="1.050003"/>
   <element name="base" layername="5_output_disc" frame="12" z_index="48" m_a="1.000000" m_b="0.000000" m_c="0.000000" m_d="1.000000" m_tx="54.924999" m_ty="1.075001"/>
   <element name="base" layername="6_input_disc_2" frame="6" z_index="50" m_a="1.000000" m_b="0.000000" m_c="0.000000" m_d="1.000000" m_tx="-53.799999" m_ty="1.075001"/>
   <element name="base" layername="7_panel" frame="14" z_index="50" m_a="-0.000000" m_b="-1.000000" m_c="1.000000" m_d="-0.000000" m_tx="45.599998" m_ty="0.000000"/>
   <element name="base" layername="8_green_red_bloom" frame="2" z_index="43" m_a="0.324661" m_b="0.000000" m_c="0.000000" m_d="0.315796" m_tx="-53.950001" m_ty="0.675003"/>
   <element name="base" layername="9_light" frame="7" z_index="47" m_a="0.872757" m_b="0.000000" m_c="0.000000" m_d="0.872757" m_tx="-53.500000" m_ty="1.050003"/>
   <element name="base" layername="" frame="5" z_index="49" m_a="1.000000" m_b="0.000000" m_c="0.000000" m_d="1.000000" m_tx="-53.799999" m_ty="1.075001"/>
  </frame>
  <frame idx="75" w="264" h="489" x="53.850021" y="-116.447723">
   <element name="base" layername="0_green_red_bloom" frame="3" z_index="50" m_a="0.324661" m_b="0.000000" m_c="0.000000" m_d="0.315796" m_tx="-53.950001" m_ty="0.675003"/>
   <element name="base" layername="1_green_red_bloom" frame="2" z_index="44" m_a="0.324661" m_b="0.000000" m_c="0.000000" m_d="0.315796" m_tx="54.849998" m_ty="0.675003"/>
   <element name="base" layername="2_bar" frame="0" z_index="45" m_a="0.887496" m_b="0.459266" m_c="-0.459266" m_d="0.887496" m_tx="-0.100000" m_ty="1.937502"/>
   <element name="base" layername="3_light" frame="7" z_index="46" m_a="0.872757" m_b="0.000000" m_c="0.000000" m_d="0.872757" m_tx="0.850002" m_ty="1.050003"/>
   <element name="base" layername="4_light" frame="8" z_index="50" m_a="0.872757" m_b="0.000000" m_c="0.000000" m_d="0.872757" m_tx="28.024994" m_ty="1.050003"/>
   <element name="base" layername="5_output_disc" frame="12" z_index="48" m_a="1.000000" m_b="0.000000" m_c="0.000000" m_d="1.000000" m_tx="54.924999" m_ty="1.075001"/>
   <element name="base" layername="6_input_disc_2" frame="6" z_index="50" m_a="1.000000" m_b="0.000000" m_c="0.000000" m_d="1.000000" m_tx="-53.799999" m_ty="1.075001"/>
   <element name="base" layername="7_panel" frame="14" z_index="50" m_a="-0.000000" m_b="-1.000000" m_c="1.000000" m_d="-0.000000" m_tx="45.599998" m_ty="0.000000"/>
   <element name="base" layername="8_green_red_bloom" frame="2" z_index="43" m_a="0.324661" m_b="0.000000" m_c="0.000000" m_d="0.315796" m_tx="-53.950001" m_ty="0.675003"/>
   <element name="base" layername="9_light" frame="7" z_index="47" m_a="0.872757" m_b="0.000000" m_c="0.000000" m_d="0.872757" m_tx="-53.500000" m_ty="1.050003"/>
   <element name="base" layername="" frame="5" z_index="49" m_a="1.000000" m_b="0.000000" m_c="0.000000" m_d="1.000000" m_tx="-53.799999" m_ty="1.075001"/>
  </frame>
  <frame idx="100" w="264" h="476" x="53.850021" y="-129.062469">
   <element name="base" layername="0_green_red_bloom" frame="3" z_index="50" m_a="0.324661" m_b="0.000000" m_c="0.000000" m_d="0.315796" m_tx="-53.950001" m_ty="0.675003"/>
   <element name="base" layername="1_green_red_bloom" frame="2" z_index="50" m_a="0.324661" m_b="0.000000" m_c="0.000000" m_d="0.315796" m_tx="54.849998" m_ty="0.675003"/>
   <element name="base" layername="2_bar" frame="0" z_index="45" m_a="0.998148" m_b="-0.060828" m_c="0.060828" m_d="0.998148" m_tx="-0.100000" m_ty="1.925003"/>
   <element name="base" layername="3_light" frame="7" z_index="47" m_a="0.872757" m_b="0.000000" m_c="0.000000" m_d="0.872757" m_tx="-53.500000" m_ty="1.050003"/>
   <element name="base" layername="4_light" frame="8" z_index="46" m_a="0.872757" m_b="0.000000" m_c="0.000000" m_d="0.872757" m_tx="55.200001" m_ty="1.050003"/>
   <element name="base" layername="5_output_disc" frame="12" z_index="50" m_a="1.000000" m_b="0.000000" m_c="0.000000" m_d="1.000000" m_tx="54.924999" m_ty="1.075001"/>
   <element name="base" layername="6_input_disc_2" frame="6" z_index="50" m_a="1.000000" m_b="0.000000" m_c="0.000000" m_d="1.000000" m_tx="-53.799999" m_ty="1.075001"/>
   <element name="base" layername="7_panel" frame="14" z_index="50" m_a="-0.000000" m_b="-1.000000" m_c="1.000000" m_d="-0.000000" m_tx="45.599998" m_ty="0.000000"/>
   <element name="base" layername="8_green_red_bloom" frame="2" z_index="43" m_a="0.324661" m_b="0.000000" m_c="0.000000" m_d="0.315796" m_tx="-53.950001" m_ty="0.675003"/>
   <element name="base" layername="9_light" frame="7" z_index="50" m_a="0.872757" m_b="0.000000" m_c="0.000000" m_d="0.872757" m_tx="-53.500000" m_ty="1.050003"/>
   <element name="base" layername="" frame="5" z_index="49" m_a="1.000000" m_b="0.000000" m_c="0.000000" m_d="1.000000" m_tx="-53.799999" m_ty="1.075001"/>
   <element name="base" layername="11_green_red_bloom_1" frame="3" z_index="44" m_a="0.324661" m_b="0.000000" m_c="0.000000" m_d="0.315796" m_tx="54.849998" m_ty="0.675003"/>
   <element name="base" layername="12_output_disc_2" frame="13" z_index="48" m_a="1.000000" m_b="0.000000" m_c="0.000000" m_d="1.000000" m_tx="54.924999" m_ty="1.075001"/>
  </frame>
  <frame idx="125" w="264" h="491" x="53.850021" y="-115.331085">
   <element name="base" layername="0_green_red_bloom" frame="3" z_index="50" m_a="0.324661" m_b="0.000000" m_c="0.000000" m_d="0.315796" m_tx="-53.950001" m_ty="0.675003"/>
   <element name="base" layername="1_green_red_bloom" frame="2" z_index="50" m_a="0.324661" m_b="0.000000" m_c="0.000000" m_d="0.315796" m_tx="54.849998" m_ty="0.675003"/>
   <element name="base" layername="2_bar" frame="0" z_index="45" m_a="0.866026" m_b="0.500000" m_c="-0.500000" m_d="0.866026" m_tx="-0.100000" m_ty="1.925003"/>
   <element name="base" layername="3_light" frame="7" z_index="47" m_a="0.872757" m_b="0.000000" m_c="0.000000" m_d="0.872757" m_tx="-35.383331" m_ty="1.050003"/>
   <element name="base" layername="4_light" frame="8" z_index="46" m_a="0.872757" m_b="0.000000" m_c="0.000000" m_d="0.872757" m_tx="37.083336" m_ty="1.050003"/>
   <element name="base" layername="5_output_disc" frame="12" z_index="50" m_a="1.000000" m_b="0.000000" m_c="0.000000" m_d="1.000000" m_tx="54.924999" m_ty="1.075001"/>
   <element name="base" layername="6_input_disc_2" frame="6" z_index="50" m_a="1.000000" m_b="0.000000" m_c="0.000000" m_d="1.000000" m_tx="-53.799999" m_ty="1.075001"/>
   <element name="base" layername="7_panel" frame="14" z_index="50" m_a="-0.000000" m_b="-1.000000" m_c="1.000000" m_d="-0.000000" m_tx="45.599998" m_ty="0.000000"/>
   <element name="base" layername="8_green_red_bloom" frame="2" z_index="43" m_a="0.324661" m_b="0.000000" m_c="0.000000" m_d="0.315796" m_tx="-53.950001" m_ty="0.675003"/>
   <element name="base" layername="9_light" frame="7" z_index="50" m_a="0.872757" m_b="0.000000" m_c="0.000000" m_d="0.872757" m_tx="-53.500000" m_ty="1.050003"/>
   <element name="base" layername="" frame="5" z_index="49" m_a="1.000000" m_b="0.000000" m_c="0.000000" m_d="1.000000" m_tx="-53.799999" m_ty="1.075001"/>
   <element name="base" layername="11_green_red_bloom_1" frame="3" z_index="44" m_a="0.324661" m_b="0.000000" m_c="0.000000" m_d="0.315796" m_tx="54.849998" m_ty="0.675003"/>
   <element name="base" layername="12_output_disc_2" frame="13" z_index="48" m_a="1.000000" m_b="0.000000" m_c="0.000000" m_d="1.000000" m_tx="54.924999" m_ty="1.075001"/>
  </frame>
 </anim>
 <anim name="1_0" root="logic_not" numframes="150" framerate="40">
  <frame idx="0" w="264" h="476" x="53.850021" y="-129.062469">
   <element name="base" layername="0_green_red_bloom_0" frame="2" z_index="43" m_a="0.324661" m_b="0.000000" m_c="0.000000" m_d="0.315796" m_tx="-53.950001" m_ty="0.675003"/>
   <element name="base" layername="1_green_red_bloom_1" frame="3" z_index="44" m_a="0.324661" m_b="0.000000" m_c="0.000000" m_d="0.315796" m_tx="54.849998" m_ty="0.675003"/>
   <element name="base" layername="2_bar" frame="0" z_index="45" m_a="1.000000" m_b="0.000000" m_c="0.000000" m_d="1.000000" m_tx="-0.100000" m_ty="1.925003"/>
   <element name="base" layername="3_light" frame="8" z_index="46" m_a="0.872757" m_b="0.000000" m_c="0.000000" m_d="0.872757" m_tx="55.200001" m_ty="1.050003"/>
   <element name="base" layername="4_light" frame="7" z_index="47" m_a="0.872757" m_b="0.000000" m_c="0.000000" m_d="0.872757" m_tx="-53.500000" m_ty="1.050003"/>
   <element name="base" layername="5_output_disc_2" frame="13" z_index="48" m_a="1.000000" m_b="0.000000" m_c="0.000000" m_d="1.000000" m_tx="54.924999" m_ty="1.075001"/>
   <element name="base" layername="6_input_disc" frame="5" z_index="49" m_a="1.000000" m_b="0.000000" m_c="0.000000" m_d="1.000000" m_tx="-53.799999" m_ty="1.075001"/>
   <element name="base" layername="7_panel" frame="14" z_index="50" m_a="-0.000000" m_b="-1.000000" m_c="1.000000" m_d="-0.000000" m_tx="45.599998" m_ty="0.000000"/>
  </frame>
  <frame idx="25" w="264" h="498" x="53.850021" y="-109.338974">
   <element name="base" layername="0_green_red_bloom_0" frame="2" z_index="43" m_a="0.324661" m_b="0.000000" m_c="0.000000" m_d="0.315796" m_tx="-53.950001" m_ty="0.675003"/>
   <element name="base" layername="1_green_red_bloom_1" frame="3" z_index="44" m_a="0.324661" m_b="0.000000" m_c="0.000000" m_d="0.315796" m_tx="54.849998" m_ty="0.675003"/>
   <element name="base" layername="2_bar" frame="0" z_index="45" m_a="0.642142" m_b="0.765806" m_c="-0.765806" m_d="0.642142" m_tx="-0.089583" m_ty="1.935417"/>
   <element name="base" layername="3_light" frame="8" z_index="46" m_a="0.872757" m_b="0.000000" m_c="0.000000" m_d="0.872757" m_tx="55.200001" m_ty="1.050003"/>
   <element name="base" layername="4_light" frame="7" z_index="47" m_a="0.872757" m_b="0.000000" m_c="0.000000" m_d="0.872757" m_tx="-53.500000" m_ty="1.050003"/>
   <element name="base" layername="5_output_disc_2" frame="13" z_index="48" m_a="1.000000" m_b="0.000000" m_c="0.000000" m_d="1.000000" m_tx="54.924999" m_ty="1.075001"/>
   <element name="base" layername="6_input_disc" frame="5" z_index="49" m_a="1.000000" m_b="0.000000" m_c="0.000000" m_d="1.000000" m_tx="-53.799999" m_ty="1.075001"/>
   <element name="base" layername="7_panel" frame="14" z_index="50" m_a="-0.000000" m_b="-1.000000" m_c="1.000000" m_d="-0.000000" m_tx="45.599998" m_ty="0.000000"/>
  </frame>
  <frame idx="50" w="264" h="494" x="53.850021" y="-111.770432">
   <element name="base" layername="0_green_red_bloom_0" frame="2" z_index="50" m_a="0.324661" m_b="0.000000" m_c="0.000000" m_d="0.315796" m_tx="-53.950001" m_ty="0.675003"/>
   <element name="base" layername="1_green_red_bloom_1" frame="3" z_index="44" m_a="0.324661" m_b="0.000000" m_c="0.000000" m_d="0.315796" m_tx="54.849998" m_ty="0.675003"/>
   <element name="base" layername="2_bar" frame="0" z_index="45" m_a="-0.174117" m_b="0.983518" m_c="-0.983518" m_d="-0.174117" m_tx="-0.079167" m_ty="1.945834"/>
   <element name="base" layername="3_light" frame="8" z_index="46" m_a="0.872757" m_b="0.000000" m_c="0.000000" m_d="0.872757" m_tx="55.200001" m_ty="1.050003"/>
   <element name="base" layername="4_light" frame="7" z_index="50" m_a="0.872757" m_b="0.000000" m_c="0.000000" m_d="0.872757" m_tx="-17.266666" m_ty="1.050003"/>
   <element name="base" layername="5_output_disc_2" frame="13" z_index="48" m_a="1.000000" m_b="0.000000" m_c="0.000000" m_d="1.000000" m_tx="54.924999" m_ty="1.075001"/>
   <element name="base" layername="6_input_disc" frame="5" z_index="50" m_a="1.000000" m_b="0.000000" m_c="0.000000" m_d="1.000000" m_tx="-53.799999" m_ty="1.075001"/>
   <element name="base" layername="7_panel" frame="14" z_index="50" m_a="-0.000000" m_b="-1.000000" m_c="1.000000" m_d="-0.000000" m_tx="45.599998" m_ty="0.000000"/>
   <element name="base" layername="8_green_red_bloom" frame="3" z_index="43" m_a="0.324661" m_b="0.000000" m_c="0.000000" m_d="0.315796" m_tx="-53.950001" m_ty="0.675003"/>
   <element name="base" layername="9_light" frame="8" z_index="47" m_a="0.872757" m_b="0.000000" m_c="0.000000" m_d="0.872757" m_tx="-53.500000" m_ty="1.050003"/>
   <element name="base" layername="" frame="6" z_index="49" m_a="1.000000" m_b="0.000000" m_c="0.000000" m_d="1.000000" m_tx="-53.799999" m_ty="1.075001"/>
  </frame>
  <frame idx="75" w="301" h="476" x="42.974609" y="-129.062469">
   <element name="base" layername="0_green_red_bloom_0" frame="2" z_index="50" m_a="0.324661" m_b="0.000000" m_c="0.000000" m_d="0.315796" m_tx="-53.950001" m_ty="0.675003"/>
   <element name="base" layername="1_green_red_bloom_1" frame="3" z_index="44" m_a="0.324661" m_b="0.000000" m_c="0.000000" m_d="0.315796" m_tx="54.849998" m_ty="0.675003"/>
   <element name="base" layername="2_bar" frame="0" z_index="45" m_a="-0.890557" m_b="0.453303" m_c="-0.453303" m_d="-0.890557" m_tx="-0.075000" m_ty="1.937502"/>
   <element name="base" layername="3_light" frame="8" z_index="46" m_a="0.872757" m_b="0.000000" m_c="0.000000" m_d="0.872757" m_tx="0.850002" m_ty="1.050003"/>
   <element name="base" layername="4_light" frame="7" z_index="50" m_a="0.872757" m_b="0.000000" m_c="0.000000" m_d="0.872757" m_tx="28.024994" m_ty="1.050003"/>
   <element name="base" layername="5_output_disc_2" frame="13" z_index="48" m_a="1.000000" m_b="0.000000" m_c="0.000000" m_d="1.000000" m_tx="54.924999" m_ty="1.075001"/>
   <element name="base" layername="6_input_disc" frame="5" z_index="50" m_a="1.000000" m_b="0.000000" m_c="0.000000" m_d="1.000000" m_tx="-53.799999" m_ty="1.075001"/>
   <element name="base" layername="7_panel" frame="14" z_index="50" m_a="-0.000000" m_b="-1.000000" m_c="1.000000" m_d="-0.000000" m_tx="45.599998" m_ty="0.000000"/>
   <element name="base" layername="8_green_red_bloom" frame="3" z_index="43" m_a="0.324661" m_b="0.000000" m_c="0.000000" m_d="0.315796" m_tx="-53.950001" m_ty="0.675003"/>
   <element name="base" layername="9_light" frame="8" z_index="47" m_a="0.872757" m_b="0.000000" m_c="0.000000" m_d="0.872757" m_tx="-53.500000" m_ty="1.050003"/>
   <element name="base" layername="" frame="6" z_index="49" m_a="1.000000" m_b="0.000000" m_c="0.000000" m_d="1.000000" m_tx="-53.799999" m_ty="1.075001"/>
  </frame>
  <frame idx="100" w="290" h="476" x="46.371033" y="-129.062469">
   <element name="base" layername="0_green_red_bloom_0" frame="2" z_index="50" m_a="0.324661" m_b="0.000000" m_c="0.000000" m_d="0.315796" m_tx="-53.950001" m_ty="0.675003"/>
   <element name="base" layername="1_green_red_bloom_1" frame="3" z_index="50" m_a="0.324661" m_b="0.000000" m_c="0.000000" m_d="0.315796" m_tx="54.849998" m_ty="0.675003"/>
   <element name="base" layername="2_bar" frame="0" z_index="45" m_a="-0.997564" m_b="-0.069752" m_c="0.069752" m_d="-0.997564" m_tx="-0.083334" m_ty="1.925003"/>
   <element name="base" layername="3_light" frame="8" z_index="47" m_a="0.872757" m_b="0.000000" m_c="0.000000" m_d="0.872757" m_tx="-53.500000" m_ty="1.050003"/>
   <element name="base" layername="4_light" frame="7" z_index="46" m_a="0.872757" m_b="0.000000" m_c="0.000000" m_d="0.872757" m_tx="55.200001" m_ty="1.050003"/>
   <element name="base" layername="5_output_disc_2" frame="13" z_index="50" m_a="1.000000" m_b="0.000000" m_c="0.000000" m_d="1.000000" m_tx="54.924999" m_ty="1.075001"/>
   <element name="base" layername="6_input_disc" frame="5" z_index="50" m_a="1.000000" m_b="0.000000" m_c="0.000000" m_d="1.000000" m_tx="-53.799999" m_ty="1.075001"/>
   <element name="base" layername="7_panel" frame="14" z_index="50" m_a="-0.000000" m_b="-1.000000" m_c="1.000000" m_d="-0.000000" m_tx="45.599998" m_ty="0.000000"/>
   <element name="base" layername="8_green_red_bloom" frame="3" z_index="43" m_a="0.324661" m_b="0.000000" m_c="0.000000" m_d="0.315796" m_tx="-53.950001" m_ty="0.675003"/>
   <element name="base" layername="9_light" frame="8" z_index="50" m_a="0.872757" m_b="0.000000" m_c="0.000000" m_d="0.872757" m_tx="-53.500000" m_ty="1.050003"/>
   <element name="base" layername="" frame="6" z_index="49" m_a="1.000000" m_b="0.000000" m_c="0.000000" m_d="1.000000" m_tx="-53.799999" m_ty="1.075001"/>
   <element name="base" layername="11_green_red_bloom" frame="2" z_index="44" m_a="0.324661" m_b="0.000000" m_c="0.000000" m_d="0.315796" m_tx="54.849998" m_ty="0.675003"/>
   <element name="base" layername="12_output_disc_1" frame="12" z_index="48" m_a="1.000000" m_b="0.000000" m_c="0.000000" m_d="1.000000" m_tx="54.924999" m_ty="1.075001"/>
  </frame>
  <frame idx="125" w="274" h="476" x="51.098106" y="-129.062469">
   <element name="base" layername="0_green_red_bloom_0" frame="2" z_index="50" m_a="0.324661" m_b="0.000000" m_c="0.000000" m_d="0.315796" m_tx="-53.950001" m_ty="0.675003"/>
   <element name="base" layername="1_green_red_bloom_1" frame="3" z_index="50" m_a="0.324661" m_b="0.000000" m_c="0.000000" m_d="0.315796" m_tx="54.849998" m_ty="0.675003"/>
   <element name="base" layername="2_bar" frame="0" z_index="45" m_a="-0.866026" m_b="-0.500000" m_c="0.500000" m_d="-0.866026" m_tx="-0.100000" m_ty="1.925003"/>
   <element name="base" layername="3_light" frame="8" z_index="47" m_a="0.872757" m_b="0.000000" m_c="0.000000" m_d="0.872757" m_tx="-35.383331" m_ty="1.050003"/>
   <element name="base" layername="4_light" frame="7" z_index="46" m_a="0.872757" m_b="0.000000" m_c="0.000000" m_d="0.872757" m_tx="37.083336" m_ty="1.050003"/>
   <element name="base" layername="5_output_disc_2" frame="13" z_index="50" m_a="1.000000" m_b="0.000000" m_c="0.000000" m_d="1.000000" m_tx="54.924999" m_ty="1.075001"/>
   <element name="base" layername="6_input_disc" frame="5" z_index="50" m_a="1.000000" m_b="0.000000" m_c="0.000000" m_d="1.000000" m_tx="-53.799999" m_ty="1.075001"/>
   <element name="base" layername="7_panel" frame="14" z_index="50" m_a="-0.000000" m_b="-1.000000" m_c="1.000000" m_d="-0.000000" m_tx="45.599998" m_ty="0.000000"/>
   <element name="base" layername="8_green_red_bloom" frame="3" z_index="43" m_a="0.324661" m_b="0.000000" m_c="0.000000" m_d="0.315796" m_tx="-53.950001" m_ty="0.675003"/>
   <element name="base" layername="9_light" frame="8" z_index="50" m_a="0.872757" m_b="0.000000" m_c="0.000000" m_d="0.872757" m_tx="-53.500000" m_ty="1.050003"/>
   <element name="base" layername="" frame="6" z_index="49" m_a="1.000000" m_b="0.000000" m_c="0.000000" m_d="1.000000" m_tx="-53.799999" m_ty="1.075001"/>
   <element name="base" layername="11_green_red_bloom" frame="2" z_index="44" m_a="0.324661" m_b="0.000000" m_c="0.000000" m_d="0.315796" m_tx="54.849998" m_ty="0.675003"/>
   <element name="base" layername="12_output_disc_1" frame="12" z_index="48" m_a="1.000000" m_b="0.000000" m_c="0.000000" m_d="1.000000" m_tx="54.924999" m_ty="1.075001"/>
  </frame>
 </anim>
 <anim name="place" root="logic_not" numframes="100" framerate="40">
  <frame idx="0" w="242" h="138" x="-1.612495" y="-0.925041">
   <element name="base" layername="0_place_0" frame="15" z_index="50" m_a="1.000000" m_b="0.000000" m_c="0.000000" m_d="1.000000" m_tx="0.525000" m_ty="0.000000"/>
  </frame>
  <frame idx="25" w="242" h="184" x="-1.612495" y="-42.448257">
   <element name="base" layername="0_place_0" frame="15" z_index="50" m_a="1.000000" m_b="0.000000" m_c="0.000000" m_d="1.000000" m_tx="0.525000" m_ty="-41.523216"/>
  </frame>
  <frame idx="50" w="242" h="194" x="-1.612495" y="-51.475044">
   <element name="base" layername="0_place_0" frame="15" z_index="50" m_a="1.000000" m_b="0.000000" m_c="0.000000" m_d="1.000000" m_tx="0.525000" m_ty="-50.549999"/>
  </frame>
  <frame idx="75" w="242" h="194" x="-1.612495" y="-51.475044">
   <element name="base" layername="0_place_0" frame="15" z_index="50" m_a="1.000000" m_b="0.000000" m_c="0.000000" m_d="1.000000" m_tx="0.525000" m_ty="-50.549999"/>
  </frame>
 </anim>
 <anim name="ui" root="logic_not" numframes="100" framerate="40">
  <frame idx="0" w="176" h="167" x="0.837440" y="-44.062469">
   <element name="base" layername="0_ui_0" frame="16" z_index="50" m_a="1.000000" m_b="0.000000" m_c="0.000000" m_d="1.000000" m_tx="0.000000" m_ty="-50.400002"/>
  </frame>
  <frame idx="25" w="176" h="167" x="0.837440" y="-44.062469">
   <element name="base" layername="0_ui_0" frame="16" z_index="50" m_a="1.000000" m_b="0.000000" m_c="0.000000" m_d="1.000000" m_tx="0.000000" m_ty="-50.400002"/>
  </frame>
  <frame idx="50" w="176" h="167" x="0.837440" y="-44.062469">
   <element name="base" layername="0_ui_0" frame="16" z_index="50" m_a="1.000000" m_b="0.000000" m_c="0.000000" m_d="1.000000" m_tx="0.000000" m_ty="-50.400002"/>
  </frame>
  <frame idx="75" w="176" h="167" x="0.837440" y="-44.062469">
   <element name="base" layername="0_ui_0" frame="16" z_index="50" m_a="1.000000" m_b="0.000000" m_c="0.000000" m_d="1.000000" m_tx="0.000000" m_ty="-50.400002"/>
  </frame>
 </anim>
</Anims>
